{"_wandb":{"runtime":0},"loss":0.09999999999999998,"_timestamp":1.7421551505077238e+09,"_runtime":0.4896583,"_step":9,"accuracy":0.9}