{"_timestamp":1.7437536268560097e+09,"_runtime":1.633682401,"_step":9,"_wandb":{"runtime":1},"accuracy":0.9,"loss":0.09999999999999998}