{"loss":0.09999999999999998,"_timestamp":1.7421254739657571e+09,"_runtime":0.889308375,"_step":9,"_wandb":{"runtime":0},"accuracy":0.9}