{"accuracy":0.9,"_wandb":{"runtime":1},"loss":0.09999999999999998,"_timestamp":1.7422083330039334e+09,"_runtime":1.377308474,"_step":9}