{"_timestamp":1.7421266444039035e+09,"_runtime":1.119263374,"_wandb":{"runtime":1},"_step":9,"accuracy":0.9,"loss":0.09999999999999998}