{"_step":9,"_wandb":{"runtime":2},"accuracy":0.9,"loss":0.09999999999999998,"_timestamp":1.7422107257534735e+09,"_runtime":2.258503862}