{"accuracy":0.9,"loss":0.09999999999999998,"_timestamp":1.742115943414198e+09,"_wandb":{"runtime":0},"_runtime":0.862843253,"_step":9}