{"loss":0.09999999999999998,"_wandb":{"runtime":1},"_timestamp":1.743438185913544e+09,"_runtime":1.719005039,"_step":9,"accuracy":0.9}