{"loss":0.09999999999999998,"_timestamp":1.742143701262672e+09,"_runtime":0.437756913,"_step":9,"_wandb":{"runtime":0},"accuracy":0.9}