{"_runtime":3.228837765,"_wandb":{"runtime":3},"_step":9,"accuracy":0.9,"loss":0.09999999999999998,"_timestamp":1.742198080910752e+09}