{"accuracy":0.9,"loss":0.09999999999999998,"_timestamp":1.7421555076333916e+09,"_runtime":0.61198351,"_step":9,"_wandb":{"runtime":0}}