{"_step":9,"_wandb":{"runtime":0},"accuracy":0.9,"loss":0.09999999999999998,"_timestamp":1.7421550364180048e+09,"_runtime":0.443733789}