{"loss":0.09999999999999998,"_timestamp":1.7421253539070494e+09,"_runtime":0.735375509,"_step":9,"accuracy":0.9,"_wandb":{"runtime":0}}