{"_step":9,"accuracy":0.9,"loss":0.09999999999999998,"_timestamp":1.7421355671995745e+09,"_wandb":{"runtime":0},"_runtime":0.600402266}