{"loss":0.09999999999999998,"_timestamp":1.7421613526191638e+09,"_runtime":0.455005024,"_step":9,"_wandb":{"runtime":0},"accuracy":0.9}