{"_runtime":1.088208851,"_step":9,"accuracy":0.9,"loss":0.09999999999999998,"_timestamp":1.7421267245520027e+09,"_wandb":{"runtime":1}}