{"_runtime":0.677156032,"_step":9,"_wandb":{"runtime":0},"accuracy":0.9,"loss":0.09999999999999998,"_timestamp":1.743588759325464e+09}