{"_runtime":0.665991798,"_step":9,"accuracy":0.9,"_wandb":{"runtime":0},"loss":0.09999999999999998,"_timestamp":1.7421276517940366e+09}