{"_timestamp":1.7421557945188143e+09,"_runtime":0.429354757,"_step":9,"accuracy":0.9,"_wandb":{"runtime":0},"loss":0.09999999999999998}