{"_step":9,"_wandb":{"runtime":0},"accuracy":0.9,"loss":0.09999999999999998,"_timestamp":1.7421563313439946e+09,"_runtime":0.617246701}