{"loss":0.09999999999999998,"_timestamp":1.7421961006335113e+09,"_runtime":0.891786104,"_step":9,"_wandb":{"runtime":0},"accuracy":0.9}