{"_wandb":{"runtime":0},"_step":9,"accuracy":0.9,"loss":0.09999999999999998,"_timestamp":1.74212764310378e+09,"_runtime":0.902872995}