{"loss":0.09999999999999998,"_timestamp":1.7421295996093624e+09,"_runtime":0.438987013,"_step":9,"accuracy":0.9,"_wandb":{"runtime":0}}