{"_wandb":{"runtime":0},"loss":0.09999999999999998,"_timestamp":1.7421159532339745e+09,"_runtime":0.477604355,"_step":9,"accuracy":0.9}