{"_step":9,"accuracy":0.9,"loss":0.09999999999999998,"_timestamp":1.7421353167804918e+09,"_runtime":0.642983872,"_wandb":{"runtime":0}}