{"_wandb":{"runtime":1},"accuracy":0.9,"loss":0.09999999999999998,"_timestamp":1.7435918251313388e+09,"_runtime":1.100104857,"_step":9}