{"_step":9,"_wandb":{"runtime":0},"accuracy":0.9,"loss":0.09999999999999998,"_timestamp":1.7421548561261532e+09,"_runtime":0.625857103}