{"_step":9,"accuracy":0.9,"loss":0.09999999999999998,"_timestamp":1.742156640614289e+09,"_wandb":{"runtime":0},"_runtime":0.391954145}