{"_timestamp":1.742129543288371e+09,"_runtime":0.789034733,"_step":9,"accuracy":0.9,"_wandb":{"runtime":0},"loss":0.09999999999999998}