{"loss":0.09999999999999998,"_timestamp":1.7421552837396595e+09,"_wandb":{"runtime":0},"_runtime":0.406462599,"_step":9,"accuracy":0.9}