{"_runtime":0.515709698,"_step":9,"_wandb":{"runtime":0},"accuracy":0.9,"loss":0.09999999999999998,"_timestamp":1.7421991653596933e+09}