{"_timestamp":1.7421165031367223e+09,"_runtime":1.036882695,"_step":9,"_wandb":{"runtime":1},"accuracy":0.9,"loss":0.09999999999999998}