{"_runtime":0.42907515,"_step":9,"_wandb":{"runtime":0},"accuracy":0.9,"loss":0.09999999999999998,"_timestamp":1.7421607158203866e+09}