{"accuracy":0.9,"loss":0.09999999999999998,"_wandb":{"runtime":0},"_timestamp":1.7422006401521597e+09,"_runtime":0.456960348,"_step":9}