{"loss":0.09999999999999998,"_wandb":{"runtime":0},"_timestamp":1.742156433841644e+09,"_runtime":0.374771178,"_step":9,"accuracy":0.9}