{"_runtime":0.75196538,"_step":9,"accuracy":0.9,"_wandb":{"runtime":0},"loss":0.09999999999999998,"_timestamp":1.742127024154471e+09}