,age,fnlwgt,education-num,capital-gain,capital-loss,hours-per-week
count,32561,32561,32561,32561,32561,32561
mean,38.58164675532078,189778.36651208502,10.0806793403151,1077.6488437087312,87.303829734959,40.437455852092995
std,13.640432553581341,105549.97769702224,2.5727203320673877,7385.292084840338,402.9602186489998,12.347428681731843
min,17,12285,1,0,0,1
25%,28,117827,9,0,0,40
50%,37,178356,10,0,0,40
75%,48,237051,12,0,0,45
max,90,1484705,16,99999,4356,99
