{"loss":0.09999999999999998,"_timestamp":1.7421610382134185e+09,"_runtime":0.488146095,"_step":9,"_wandb":{"runtime":0},"accuracy":0.9}