{"_step":9,"accuracy":0.9,"loss":0.09999999999999998,"_timestamp":1.7421999099331346e+09,"_runtime":0.56165616,"_wandb":{"runtime":0}}