{"_wandb":{"runtime":0},"accuracy":0.9,"loss":0.09999999999999998,"_timestamp":1.7421549298435984e+09,"_runtime":0.4205912,"_step":9}