{"accuracy":0.9,"loss":0.09999999999999998,"_timestamp":1.7421615457456405e+09,"_runtime":0.543711373,"_wandb":{"runtime":0},"_step":9}