{"accuracy":0.9,"loss":0.09999999999999998,"_timestamp":1.7436712864330444e+09,"_wandb":{"runtime":9},"_runtime":9.970442525,"_step":9}