{"_runtime":1.075036877,"_wandb":{"runtime":1},"_step":9,"accuracy":0.9,"loss":0.09999999999999998,"_timestamp":1.7422117726983724e+09}