{"_timestamp":1.7436785397298834e+09,"_wandb":{"runtime":1},"_runtime":1.044815227,"_step":9,"accuracy":0.9,"loss":0.09999999999999998}