{"loss":0.09999999999999998,"_timestamp":1.7421350546938722e+09,"_runtime":0.682586318,"_step":9,"_wandb":{"runtime":0},"accuracy":0.9}