{"_step":9,"accuracy":0.9,"loss":0.09999999999999998,"_wandb":{"runtime":0},"_timestamp":1.7421265530112605e+09,"_runtime":0.744560039}