{"Discriminator Loss":-0.05865955501794815,"_timestamp":1.741735395173603e+09,"_runtime":0.728127321,"_step":8,"Wasserstein Distance":0.06218864768743515,"Generator Loss":0.15797331929206848,"_wandb":{"runtime":0}}