{"_runtime":0.767341816,"_step":9,"_wandb":{"runtime":0},"accuracy":0.9,"loss":0.09999999999999998,"_timestamp":1.74215670856284e+09}