{"_wandb":{"runtime":0},"loss":0.09999999999999998,"_timestamp":1.742155615484944e+09,"_runtime":0.432845639,"_step":9,"accuracy":0.9}