{"loss":0.09999999999999998,"_timestamp":1.7435873021057503e+09,"_runtime":2.274608899,"_step":9,"accuracy":0.9,"_wandb":{"runtime":2}}