{"_runtime":1.275877462,"_step":9,"_wandb":{"runtime":1},"accuracy":0.9,"loss":0.09999999999999998,"_timestamp":1.742158084914967e+09}