{"_wandb":{"runtime":0},"_step":9,"accuracy":0.9,"loss":0.09999999999999998,"_timestamp":1.742155663015009e+09,"_runtime":0.509884041}