{"_timestamp":1.7422105772801704e+09,"_runtime":1.779504524,"_step":9,"_wandb":{"runtime":1},"accuracy":0.9,"loss":0.09999999999999998}