{"step":4,"_timestamp":1.7417351589212577e+09,"_runtime":0.895906762,"_step":4,"_wandb":{"runtime":0},"loss":0.6,"accuracy":0.4}